id_ext_link,id_source,source,url,rating,normalized_rating,reviews_nr,normalized_reviews,last_refresh,id_outlet_info
7252488510069113,1-CY4GNE4KGEKEAA,Grab,1-CY4GNE4KGEKEAA,5.0,10,4,1,2020-06-26,5525260842163540
2568584635368516,1-CYWZLXVVV2JTL2,Grab,1-CYWZLXVVV2JTL2,4.4,7,713,9,2020-06-26,358840795457796
7229201151128278,1-CYWCRYVXHFU1LN,Grab,1-CYWCRYVXHFU1LN,3.7,2,141,6,2020-06-26,2544133102398255
3035721286131023,1-CYVBC7A1NF4FUE,Grab,1-CYVBC7A1NF4FUE,3.8,2,65,5,2020-06-26,8423811557537444
7506570852960295,1-CYVFTENFTYCJCX,Grab,1-CYVFTENFTYCJCX,3.9,2,143,6,2020-06-26,5361860335829534
8275642403470600,1-CY4DCFL1R4LCJE,Grab,1-CY4DCFL1R4LCJE,4.1,3,32,4,2020-06-26,3751974059315343
3147047965078058,1-CYXJAN6KGJW2A2,Grab,1-CYXJAN6KGJW2A2,4.8,10,43,4,2020-06-26,102600050244320
8315622812163785,MYDD08046,Grab,MYDD08046,4.1,3,1167,10,2020-06-26,5692713027523451
7679784340222156,1-CZDHNUU3ECDFA2,Grab,1-CZDHNUU3ECDFA2,4.2,4,56,4,2020-06-26,2542034887728045
9187958777389679,1-CZDJL4DEJ322MA,Grab,1-CZDJL4DEJ322MA,4.1,3,73,5,2020-06-26,1328762187410488
2034612294893345,1-CY4DV2XHVCC2PE,Grab,1-CY4DV2XHVCC2PE,4.4,7,953,10,2020-06-26,6933490777423942
7780611651216453,MYDD07656,Grab,MYDD07656,4.1,3,926,10,2020-06-26,3482831892102989
7328455823306075,1-CY2AAGBBNAT2TT,Grab,1-CY2AAGBBNAT2TT,4.8,10,137,6,2020-06-26,9578666224610346
2913915631759235,MYDD05773,Grab,MYDD05773,4.8,10,448,9,2020-06-26,9578666224610346
8142466704008412,1-CYV3J3VZNET2UA,Grab,1-CYV3J3VZNET2UA,4.2,4,1159,10,2020-06-26,9361891444567251
2023834583983662,1-CYW1JJ4TTT2BCX,Grab,1-CYW1JJ4TTT2BCX,4.3,5,271,8,2020-06-26,822596631219108
3568543488424641,1-CY2HVKWTGNKDCT,Grab,1-CY2HVKWTGNKDCT,4.5,8,163,7,2020-06-26,2790913163507946
2765139931910648,1-CYXBT8JGPA3HEJ,Grab,1-CYXBT8JGPA3HEJ,4.3,5,322,8,2020-06-26,4947957904632255
2942522174899066,1-CYXBA3TCME4ETX,Grab,1-CYXBA3TCME4ETX,4.5,8,216,7,2020-06-26,3912454823176080
1703814810850027,MYDD09984,Grab,MYDD09984,4.6,9,117,6,2020-06-26,9235296232951565
3596196736705880,1-CZDZG26FLEKGCE,Grab,1-CZDZG26FLEKGCE,4.9,10,9,2,2020-06-26,7298665248465755
6196635844010345,1-CY23FAKXAKLHRN,Grab,1-CY23FAKXAKLHRN,4.1,3,178,7,2020-06-26,1675059370812209
9144036912911135,1-CZCFDCEKE2UKNX,Grab,1-CZCFDCEKE2UKNX,3.6,2,7,2,2020-06-26,5285237435326895
6344049135969243,1-CYUAMBJCGYDYN2,Grab,1-CYUAMBJCGYDYN2,4.3,5,87,5,2020-06-26,1268845421839882
4515790739407015,MYDD07655,Grab,MYDD07655,4.8,10,21,3,2020-06-26,6330139135209056
6042117158309503,1-CZEGLEJVNJVWCN,Grab,1-CZEGLEJVNJVWCN,0.0,1,0,0,2020-06-26,1729409643759762
6809685112267685,1-CZCUE2XYT7KGRX,Grab,1-CZCUE2XYT7KGRX,4.5,8,4,1,2020-06-26,5737091235289904
7675629053544456,MYDD07994,Grab,MYDD07994,4.1,3,80,5,2020-06-26,5551459391012729
8482874692888568,1-CYTDG3NKKEMKCN,Grab,1-CYTDG3NKKEMKCN,4.5,8,183,7,2020-06-26,3702448303089203
867250946476570,MYDD07633,Grab,MYDD07633,4.5,8,633,9,2020-06-26,5628839315179015
3497094386439071,1-CYMGEBECV3EKL6,Grab,1-CYMGEBECV3EKL6,4.6,9,389,8,2020-06-26,1446313613303696
303989971674286,MYDD07256,Grab,MYDD07256,4.3,5,295,8,2020-06-26,7024575396783492
9822585237275188,MYDD10208,Grab,MYDD10208,4.2,4,53,4,2020-06-26,5214944233719195
477133026846637,1-CY3EAJTWNUNJNT,Grab,1-CY3EAJTWNUNJNT,4.0,3,102,6,2020-06-26,2104652307671943
8609282258357172,1-CZBFFBACEJBEGA,Grab,1-CZBFFBACEJBEGA,4.2,4,59,5,2020-06-26,2842664950635060
9280419306910832,MYDD12536,Grab,MYDD12536,0.0,1,0,0,2020-06-26,4699059791761519
6136585553305400,1-CYUFRTTJMB3GT6,Grab,1-CYUFRTTJMB3GT6,4.5,8,352,8,2020-06-26,7457314537781469
6345032011501602,MYDD07367,Grab,MYDD07367,4.2,4,3739,10,2020-06-26,6179188638710694
9733261815432491,1-CY3UT3W1EPNZRJ,Grab,1-CY3UT3W1EPNZRJ,4.5,8,861,10,2020-06-26,7362361046729151
1887725587341777,MYDD10867,Grab,MYDD10867,4.5,8,2185,10,2020-06-26,253845440872510
4399072191066565,MYDD08638,Grab,MYDD08638,4.5,8,1754,10,2020-06-26,554996890608533
1271020199538323,1-CYVKVKJZSEEVGT,Grab,1-CYVKVKJZSEEVGT,4.2,4,699,9,2020-06-26,622778782506989
1681001250068146,MYDD12605,Grab,MYDD12605,4.4,7,624,9,2020-06-26,5124144417996471
5860746215902403,1-CY6ZT74ZMBTFVN,Grab,1-CY6ZT74ZMBTFVN,4.3,5,598,9,2020-06-26,4511517908785282
9732940338732525,1-CY5FNLDVCN6BBE,Grab,1-CY5FNLDVCN6BBE,4.5,8,340,8,2020-06-26,1838913035488702
9723772892718088,1-CYUHE8KZTXJ2V2,Grab,1-CYUHE8KZTXJ2V2,4.6,9,484,9,2020-06-26,6327492771682148
423918335893744,MYDD08655,Grab,MYDD08655,4.8,10,452,9,2020-06-26,1220934197236438
7756338104340708,1-CY43NU3CVYMCVA,Grab,1-CY43NU3CVYMCVA,4.7,9,512,9,2020-06-26,7947032610094083
2270540125379461,1-CY53HABDLJK1GN,Grab,1-CY53HABDLJK1GN,4.7,9,236,7,2020-06-26,6323779230558355
9894518049990047,MYDD03208,Grab,MYDD03208,4.3,5,657,9,2020-06-26,7650716872826261
9596928824760538,MYDD07709,Grab,MYDD07709,4.2,4,1438,10,2020-06-26,6432834257952247
7305719681209015,1-CYNYKACHE7K3JT,Grab,1-CYNYKACHE7K3JT,4.2,4,1212,10,2020-06-26,1021785151954217
5707186682708917,MYDD06080,Grab,MYDD06080,4.4,7,432,9,2020-06-26,3513064234451118
4054943925306231,1-CYWZLXVWGTT2RN,Grab,1-CYWZLXVWGTT2RN,4.2,4,373,8,2020-06-26,1235125080100739
3195958343917345,1-CYVZNNNBCEKBAT,Grab,1-CYVZNNNBCEKBAT,4.6,9,720,9,2020-06-26,7873360355582936
6155629972470998,1-CY5ZTYXTEP4CVE,Grab,1-CY5ZTYXTEP4CVE,4.4,7,262,8,2020-06-26,8518743178687548
8757428487271147,MYDD11265,Grab,MYDD11265,4.1,3,1990,10,2020-06-26,4528440525131565
7884544456454114,1-CY3EAJTWRCB1A2,Grab,1-CY3EAJTWRCB1A2,4.1,3,267,8,2020-06-26,5221673111036008
4665355370342101,MYDD11386,Grab,MYDD11386,4.4,7,772,9,2020-06-26,3736223831709081
3180078698118250,1-CY2HTKVFTAKJGA,Grab,1-CY2HTKVFTAKJGA,4.4,7,68,5,2020-06-26,4421694014687459
406291752249235,1-CY6KVY2JAEKCFE,Grab,1-CY6KVY2JAEKCFE,4.8,10,223,7,2020-06-26,7728471492937794
7285764920566271,1-CZACTAXYRCEGBA,Grab,1-CZACTAXYRCEGBA,4.3,5,51,4,2020-06-26,6436760931938247
3412503955007156,1-CY2HN6EVTPAZGJ,Grab,1-CY2HN6EVTPAZGJ,4.2,4,289,8,2020-06-26,4402190704171607
7874450725040848,1-CZDWTALKTTA2RT,Grab,1-CZDWTALKTTA2RT,4.5,8,16,3,2020-06-26,7501769993823921
7526373452058261,1-CY2AAGBBTPUZNA,Grab,1-CY2AAGBBTPUZNA,4.7,9,100,6,2020-06-26,1619223497340063
1733338007811740,1-CZC2APEGGTCUBA,Grab,1-CZC2APEGGTCUBA,3.6,2,27,3,2020-06-26,4559686259073021
9375170869916678,1-CZEEWENWL7TZJJ,Grab,1-CZEEWENWL7TZJJ,4.7,9,27,3,2020-06-26,392332283491947
4211389562817663,1-CY2AVTMUAJDHCE,Grab,1-CY2AVTMUAJDHCE,4.5,8,141,6,2020-06-26,4083322635732291
9866549430138734,1-CY5EN3NYWFK3L2,Grab,1-CY5EN3NYWFK3L2,3.8,2,66,5,2020-06-26,8378103527259755
484401511062772,1-CZDJMCDYJXUUAT,Grab,1-CZDJMCDYJXUUAT,4.4,7,11,2,2020-06-26,3221235561824393
1950699765270346,MYDD11520,Grab,MYDD11520,4.6,9,879,10,2020-06-26,4388366989219563
2750956988081732,MYDD07645,Grab,MYDD07645,4.3,5,332,8,2020-06-26,6847143615742219
2947129546240193,MYDD08358,Grab,MYDD08358,4.2,4,701,9,2020-06-26,5238846905913481
9889606827634443,MYDD11316,Grab,MYDD11316,4.6,9,966,10,2020-06-26,8901706699341809
5790647462271103,1-CYTCFETHVAXHVJ,Grab,1-CYTCFETHVAXHVJ,3.9,2,137,6,2020-06-26,6140722435438074
6934802432521572,1-CYUANFXTRE6FRA,Grab,1-CYUANFXTRE6FRA,4.6,9,201,7,2020-06-26,3016586089233091
6140979230160623,1-CZBXAFNJAF3TFA,Grab,1-CZBXAFNJAF3TFA,4.9,10,49,4,2020-06-26,5326094231626381
886760822592513,1-CY5XFANCRPDZSE,Grab,1-CY5XFANCRPDZSE,4.7,9,14,2,2020-06-26,8178323924208000
3205172536924095,MYDD07912,Grab,MYDD07912,3.8,2,856,10,2020-06-26,1225748982354172
3507458749250083,MYDD06131,Grab,MYDD06131,4.0,3,1227,10,2020-06-26,9695556930008658
2490669070227698,MYDD08959,Grab,MYDD08959,4.5,8,138,6,2020-06-26,2079214608681817
579479391790752,1-CY4YCYTAJBXZEE,Grab,1-CY4YCYTAJBXZEE,4.8,10,284,8,2020-06-26,1558432134239442
6812971601355636,MYDD08325,Grab,MYDD08325,4.1,3,26,3,2020-06-26,6710337749279039
3804173313581982,MYDD07699,Grab,MYDD07699,4.6,9,256,8,2020-06-26,8819866399617669
8801034536070107,1-CY6CT4CTGNJGMA,Grab,1-CY6CT4CTGNJGMA,4.1,3,21,3,2020-06-26,1065063900922318
7782744023733973,MYDD10388,Grab,MYDD10388,4.7,9,160,7,2020-06-26,1861721034130845
5727979297909972,1-CYTWUADVMEWWAX,Grab,1-CYTWUADVMEWWAX,4.3,5,92,5,2020-06-26,2673363302380251
2040222536325065,1-CY4KHE3AWFAZHE,Grab,1-CY4KHE3AWFAZHE,4.7,9,6,2,2020-06-26,9316856720809248
8991495651713037,1-CYVGJZNJGPKXEJ,Grab,1-CYVGJZNJGPKXEJ,4.4,7,100,6,2020-06-26,2195039446928020
5852433056556740,1-CYTDEXJKCTVCJE,Grab,1-CYTDEXJKCTVCJE,4.8,10,65,5,2020-06-26,6996272687339112
7678156645260562,1-CYWUJZCVAJ3FJ2,Grab,1-CYWUJZCVAJ3FJ2,3.3,1,59,5,2020-06-26,4161582321229577
5091742620923950,MYDD08755,Grab,MYDD08755,4.1,3,1162,10,2020-06-26,6431846759657372
4760246918709179,1-CYMWTXKYNPXFJX,Grab,1-CYMWTXKYNPXFJX,4.2,4,224,7,2020-06-26,8091142988204784
6921049056020472,1-CY6DUA3CUF2TR2,Grab,1-CY6DUA3CUF2TR2,4.4,7,11,2,2020-06-26,3317739706059425
5629168157505526,1-CYXKJ3J1GFUDRT,Grab,1-CYXKJ3J1GFUDRT,3.7,2,6,2,2020-06-26,2585869388300852
5814904499065134,1-CY3UAXCJFB4FPE,Grab,1-CY3UAXCJFB4FPE,5.0,10,5,1,2020-06-26,8791009755709109
4489143099867069,1-CZDKHFK2KCETCT,Grab,1-CZDKHFK2KCETCT,4.3,5,3,1,2020-06-26,5340884761949155
6545761913474939,1-CY2UGABXCJB1KA,Grab,1-CY2UGABXCJB1KA,4.0,3,114,6,2020-06-26,3077901821210596
8197448712746752,1-CY6CT4CTE4NGNE,Grab,1-CY6CT4CTE4NGNE,2.3,1,3,1,2020-06-26,5978707033790188
2787279011219281,1-CYLHCFTJDCKFPA,Grab,1-CYLHCFTJDCKFPA,4.5,8,98,6,2020-06-26,9096077431411978
9439358235877488,1-CYWHVTUCT4BKEE,Grab,1-CYWHVTUCT4BKEE,4.5,8,82,5,2020-06-26,6502686897053472
610657124591410,1-CY5HDE6KSALFMA,Grab,1-CY5HDE6KSALFMA,4.0,3,4,1,2020-06-26,9609708705914014
1821954848103051,1-CZBFFBABRTUTGN,Grab,1-CZBFFBABRTUTGN,0.0,1,0,0,2020-06-26,176724838032194
7375207779774397,1-CY6YWEN1AYWJAT,Grab,1-CY6YWEN1AYWJAT,3.3,1,6,2,2020-06-26,6317298542966804
2437572389378726,MYDD08535,Grab,MYDD08535,3.8,2,318,8,2020-06-26,2752626964309041
4830046611695850,MYDD03227,Grab,MYDD03227,3.9,2,1167,10,2020-06-26,4395051195758360
8759188748790482,1-CYMGEBDJFECAUA,Grab,1-CYMGEBDJFECAUA,4.6,9,934,10,2020-06-26,2113934499565338
2106289407842028,MYDD08857,Grab,MYDD08857,4.3,5,502,9,2020-06-26,9133725541012385
3752921324891432,1-CY5BJVKGNCBWPE,Grab,1-CY5BJVKGNCBWPE,4.5,8,113,6,2020-06-26,5735040200857280
4885926203397171,1-CY4TEJ2DCXEWA6,Grab,1-CY4TEJ2DCXEWA6,4.2,4,48,4,2020-06-26,4938765911011813
5753637037796548,1-CYTWUADTNCN1UA,Grab,1-CYTWUADTNCN1UA,4.1,3,20,3,2020-06-26,3830816157017271
7819874695702523,MYDD11011,Grab,MYDD11011,3.9,2,88,5,2020-06-26,7223686845841906
1384456859893882,1-CY5FNLDUSE6EC2,Grab,1-CY5FNLDUSE6EC2,4.2,4,41,4,2020-06-26,1356157556821375
4796414235454418,1-CZAYAAEXFBD1WE,Grab,1-CZAYAAEXFBD1WE,4.2,4,39,4,2020-06-26,5987149165657522
9217337420541554,1-CYVZVBNFFAUDJA,Grab,1-CYVZVBNFFAUDJA,3.0,1,4,1,2020-06-26,8149349932153262
7855775979424733,1-CZCYNLDBNCDACX,Grab,1-CZCYNLDBNCDACX,4.1,3,206,7,2020-06-26,9367707354740062
6743880355287773,1-CZC2GPVVERLCBA,Grab,1-CZC2GPVVERLCBA,4.4,7,66,5,2020-06-26,9053969142320948
6343039393519540,MYDD08533,Grab,MYDD08533,4.0,3,439,9,2020-06-26,1032295321247494
7662911869428610,1-CYLHCJBJHGMYAN,Grab,1-CYLHCJBJHGMYAN,4.8,10,63,5,2020-06-26,3718513190748204
8428195248511528,1-CYMHUGCXGXE2VE,Grab,1-CYMHUGCXGXE2VE,4.0,3,559,9,2020-06-26,331116088186568
3528307253379369,1-CYXCL76DC2DFRN,Grab,1-CYXCL76DC2DFRN,4.1,3,262,8,2020-06-26,9599451723877789
7361526888665659,1-CYXVC7KTR3BHN6,Grab,1-CYXVC7KTR3BHN6,4.4,7,212,7,2020-06-26,3937292959800207
8040738546930453,1-CYUVREXJUATBJN,Grab,1-CYUVREXJUATBJN,4.3,5,301,8,2020-06-26,4718463104263646
179075959907761,1-CYNYKACHAAKVEE,Grab,1-CYNYKACHAAKVEE,4.2,4,582,9,2020-06-26,9674768044154734
7826505775995492,MYDD07652,Grab,MYDD07652,4.3,5,836,10,2020-06-26,9674768044154734
8098725181300615,1-CY6VJUJ2DF3XV6,Grab,1-CY6VJUJ2DF3XV6,4.4,7,113,6,2020-06-26,1197458271960198
1320911105674426,1-CZDDGXVVRET1R6,Grab,1-CZDDGXVVRET1R6,4.0,3,32,4,2020-06-26,3428239172554618
9256009321042352,1-CY3UT3W1C8D3VT,Grab,1-CY3UT3W1C8D3VT,3.9,2,17,3,2020-06-26,1245187427443217
1028664306989263,1-CZDYFFVTN2D2MA,Grab,1-CZDYFFVTN2D2MA,4.6,9,5,1,2020-06-26,5186601724659475
3428493316445433,1-CZB2EEKFTGD1V6,Grab,1-CZB2EEKFTGD1V6,4.1,3,81,5,2020-06-26,8314013181733275
9898177471087633,1-CZEFUFK2J8ATSA,Grab,1-CZEFUFK2J8ATSA,5.0,10,1,1,2020-06-26,1183665752114213
8683892395156121,MYDD07502,Grab,MYDD07502,3.9,2,96,6,2020-06-26,9489969971652242
9657002722521466,1-CYWWVK4CVVAHNT,Grab,1-CYWWVK4CVVAHNT,4.7,9,53,4,2020-06-26,223911059430468
5472382621000590,1-CZCTGF3JFBUJEA,Grab,1-CZCTGF3JFBUJEA,4.7,9,11,2,2020-06-26,7983180983666749
7283272946343921,1-CYUCJXMWRNBDNE,Grab,1-CYUCJXMWRNBDNE,3.8,2,55,4,2020-06-26,7412110999266970
4151521512433845,1-CYXAV7X1LNMHWE,Grab,1-CYXAV7X1LNMHWE,3.9,2,14,2,2020-06-26,9893603841371049
6845336830016667,1-CYUFSBVGDFXKN6,Grab,1-CYUFSBVGDFXKN6,4.5,8,224,7,2020-06-26,7636855732716506
8853838488715980,1-CY6CT4CTR7CZAE,Grab,1-CY6CT4CTR7CZAE,4.8,10,28,3,2020-06-26,6302484935584374
3289020772442220,1-CYXDNRN1REXKR6,Grab,1-CYXDNRN1REXKR6,3.8,2,22,3,2020-06-26,5166595057549150
786376616884322,1-CYMVVY4JRJ5FDE,Grab,1-CYMVVY4JRJ5FDE,4.1,3,152,6,2020-06-26,5206012117123718
7483468700185431,1-CYXDNRN1NJ4ZLN,Grab,1-CYXDNRN1NJ4ZLN,3.5,1,13,2,2020-06-26,3587342038941067
7646863034547118,1-CY6YR3EENJLYBE,Grab,1-CY6YR3EENJLYBE,4.3,5,10,2,2020-06-26,6470667829601550
7324552107592008,1-CZBAC73CT8EXDA,Grab,1-CZBAC73CT8EXDA,4.4,7,16,3,2020-06-26,3710843579475545
4760805677778929,1-CY4ZAYW3C3TWVJ,Grab,1-CY4ZAYW3C3TWVJ,4.0,3,1,1,2020-06-26,297896921172288
1125865327513063,1-CYUBEPE2A3DFNT,Grab,1-CYUBEPE2A3DFNT,0.0,1,0,0,2020-06-26,6572746421562101
8463869551115033,1-CY6FL2MUVRDDPA,Grab,1-CY6FL2MUVRDDPA,4.5,8,98,6,2020-06-26,6440463307297504
7827413870641041,1-CYWYT74KTADYGN,Grab,1-CYWYT74KTADYGN,4.1,3,75,5,2020-06-26,7500900348737748
6649984681520787,1-CZDEVYUHTKJCLJ,Grab,1-CZDEVYUHTKJCLJ,4.7,9,10,2,2020-06-26,903735492737918
1790263859671160,1-CYV1R8MYWBVTG6,Grab,1-CYV1R8MYWBVTG6,3.8,2,46,4,2020-06-26,9767224992993417
9587844437473413,1-CZEJRAUDLJM1TN,Grab,1-CZEJRAUDLJM1TN,0.0,1,0,0,2020-06-26,8656594851958981
8364681532839483,1-CY53HABCRTDJBA,Grab,1-CY53HABCRTDJBA,4.5,8,43,4,2020-06-26,4467160437680844
8541434472925415,1-CZDJHGA1MCEXN6,Grab,1-CZDJHGA1MCEXN6,4.3,5,17,3,2020-06-26,1664145100266033
5600006972627848,1-CY2GRJA2EX6UL6,Grab,1-CY2GRJA2EX6UL6,4.6,9,119,6,2020-06-26,4251459089610625
2059849697156772,1-CZDJMCDYJFCWGJ,Grab,1-CZDJMCDYJFCWGJ,5.0,10,12,2,2020-06-26,7397172137834696
2172695213166448,MYDD07700,Grab,MYDD07700,4.2,4,1848,10,2020-06-26,5285348017356023
7688398797235270,1-CYUFRTTXJE2FJT,Grab,1-CYUFRTTXJE2FJT,4.4,7,620,9,2020-06-26,771760594609680
6950783841694092,MYDD08958,Grab,MYDD08958,4.4,7,445,9,2020-06-26,5867560623322652
1169165520128510,1-CYXYR7EAAAAXNN,Grab,1-CYXYR7EAAAAXNN,4.4,7,499,9,2020-06-26,5177219007975963
5883969667607464,1-CZAYAP6GLUUANN,Grab,1-CZAYAP6GLUUANN,4.4,7,187,7,2020-06-26,3043200820165156
2443676421392897,1-CYLZRXEJEU6CVE,Grab,1-CYLZRXEJEU6CVE,4.3,5,2220,10,2020-06-26,8469485953286312
4851634561313569,1-CY4YEFADNKTEUE,Grab,1-CY4YEFADNKTEUE,4.2,4,355,8,2020-06-26,5076208355173817
2415523820781406,1-CYUUNUT2BBDULE,Grab,1-CYUUNUT2BBDULE,4.4,7,526,9,2020-06-26,4365110353775083
5735725633415191,1-CZBHR6LVG3ACVN,Grab,1-CZBHR6LVG3ACVN,4.6,9,151,6,2020-06-26,273846583670783
3430362764952005,MYDD12056,Grab,MYDD12056,4.2,4,395,8,2020-06-26,424946810321451
7783537468215511,1-CYMJPFEYVAV3J2,Grab,1-CYMJPFEYVAV3J2,4.3,5,391,8,2020-06-26,9885872502619679
9907683972750527,1-CYXBRTDHL65EE2,Grab,1-CYXBRTDHL65EE2,4.6,9,290,8,2020-06-26,6122876351482096
645648105082494,1-CYWENXD1AAT1KE,Grab,1-CYWENXD1AAT1KE,4.5,8,478,9,2020-06-26,1019060521631828
6007263928254558,1-CY23EPUCHA4TWA,Grab,1-CY23EPUCHA4TWA,4.5,8,369,8,2020-06-26,9820041146727309
4351547460686468,MYDD11112,Grab,MYDD11112,4.4,7,826,10,2020-06-26,6757465262580671
6472529134232889,1-CZC1FB6JEU6YJT,Grab,1-CZC1FB6JEU6YJT,4.5,8,46,4,2020-06-26,5314222399264263
9826825022945582,MYDD08549,Grab,MYDD08549,4.7,9,300,8,2020-06-26,2681718311203620
4215089587803506,1-CYUBGA4CTTB1RN,Grab,1-CYUBGA4CTTB1RN,4.2,4,491,9,2020-06-26,5698186445893325
4103122356512786,1-CY2AVTMUDANFPA,Grab,1-CY2AVTMUDANFPA,4.7,9,244,7,2020-06-26,692275246282260
3718511154333591,1-CYTWNJC3EEW3R2,Grab,1-CYTWNJC3EEW3R2,3.7,2,255,8,2020-06-26,4698084475859894
7882728707135913,MYDD07478,Grab,MYDD07478,4.6,9,131,6,2020-06-26,5302042194776825
5063530080602575,1-CYVDSAUTVUE3JE,Grab,1-CYVDSAUTVUE3JE,4.4,7,43,4,2020-06-26,463904767577028
832243519953605,1-CZEGNNM2GZMCAE,Grab,1-CZEGNNM2GZMCAE,5.0,10,1,1,2020-06-26,697586706745945
5524280243565597,1-CY53LUVVDFU1C6,Grab,1-CY53LUVVDFU1C6,4.7,9,33,4,2020-06-26,9272030829507593
8495378768778596,1-CZBCPFUJJ7NURA,Grab,1-CZBCPFUJJ7NURA,4.9,10,16,3,2020-06-26,4184350562765098
5994165968764083,1-CYLVV8AKHB2CJA,Grab,1-CYLVV8AKHB2CJA,4.2,4,58,5,2020-06-26,6428310050421089
4306210969821866,1-CYUVREXHBEWKRT,Grab,1-CYUVREXHBEWKRT,4.4,7,82,5,2020-06-26,9148283759605385
924835111013711,1-CY53LUVVDBTKKA,Grab,1-CY53LUVVDBTKKA,4.0,3,10,2,2020-06-26,3690220666544507
8543550037348958,1-CYVZVBNFPBVGRN,Grab,1-CYVZVBNFPBVGRN,4.2,4,56,4,2020-06-26,3676258304526571
9951656932561292,1-CY3DGACZCTEERA,Grab,1-CY3DGACZCTEERA,3.8,2,53,4,2020-06-26,1296900213578982
5491838679405596,1-CYM2CXVBUA41RJ,Grab,1-CYM2CXVBUA41RJ,0.0,1,0,0,2020-06-26,1494949458982935
8006328138811502,1-CYNYJ7VUJKC1R6,Grab,1-CYNYJ7VUJKC1R6,4.2,4,18,3,2020-06-26,1024229822391812
3372100019645418,1-CY23EPUCNEKHCN,Grab,1-CY23EPUCNEKHCN,4.6,9,111,6,2020-06-26,9323170367562573
4796489967269834,1-CYWEL65VCVCCTA,Grab,1-CYWEL65VCVCCTA,4.4,7,44,4,2020-06-26,6683545265424758
792130201577297,1-CY3DGACZGYDBDA,Grab,1-CY3DGACZGYDBDA,4.1,3,85,5,2020-06-26,9182232210279820
6712777971348168,1-CYVBC7BAJAVXTA,Grab,1-CYVBC7BAJAVXTA,4.1,3,29,3,2020-06-26,262488962771078
7273432418977594,1-CYXDNRN1HFJFV2,Grab,1-CYXDNRN1HFJFV2,4.3,5,38,4,2020-06-26,7929084611818135
3550801660566622,1-CYUHE8KTEX5CJ2,Grab,1-CYUHE8KTEX5CJ2,4.0,3,3,1,2020-06-26,7408471915229818
7414455102430356,1-CYVTL4EAGVLAJJ,Grab,1-CYVTL4EAGVLAJJ,1.0,1,1,1,2020-06-26,2980984182650531
8327904219310290,1-CYMGEBDKMFX2RE,Grab,1-CYMGEBDKMFX2RE,4.7,9,465,9,2020-06-26,5634423236695932
4543965358429123,MYDD10199,Grab,MYDD10199,4.2,4,267,8,2020-06-26,4776608318318289
6723617114770643,MYDD10201,Grab,MYDD10201,4.4,7,130,6,2020-06-26,8337657959788722
3221329645338850,1-CZBGE6D3C6LFTA,Grab,1-CZBGE6D3C6LFTA,4.3,5,63,5,2020-06-26,5322280151748753
9808164578665734,MYDD10745,Grab,MYDD10745,4.2,4,436,9,2020-06-26,6638788273266613
5776628027718947,1-CYUYEXV1NTEKJ6,Grab,1-CYUYEXV1NTEKJ6,4.4,7,247,7,2020-06-26,943916164659698
768719049116381,1-CY2HN6EVRNWDTX,Grab,1-CY2HN6EVRNWDTX,4.2,4,36,4,2020-06-26,5661416500358197
3832874524662784,1-CZEJRAMEEBETFE,Grab,1-CZEJRAMEEBETFE,4.0,3,9,2,2020-06-26,2951670905426208
4344574899648293,1-CYXKR6KZL4EDUE,Grab,1-CYXKR6KZL4EDUE,4.3,5,235,7,2020-06-26,6694995419734698
4475337762046931,1-CZC1EYXZC4J2SE,Grab,1-CZC1EYXZC4J2SE,3.8,2,5,1,2020-06-26,3229071628765560
717269560643184,1-CY3FR3D2TZBJGT,Grab,1-CY3FR3D2TZBJGT,4.4,7,11,2,2020-06-26,7022797898016261
5888182091166454,1-CYNYJ7VEAB6FTX,Grab,1-CYNYJ7VEAB6FTX,4.2,4,105,6,2020-06-26,2653948490102840
6740487290395750,1-CYUURJDZV6LXTX,Grab,1-CYUURJDZV6LXTX,4.5,8,13,2,2020-06-26,1540293754861209
2247595873142952,1-CYUXLFEYRREGUE,Grab,1-CYUXLFEYRREGUE,4.6,9,32,4,2020-06-26,248294482378938
2621854807979738,1-CY4DV2XHL3W2J2,Grab,1-CY4DV2XHL3W2J2,3.9,2,14,2,2020-06-26,8129525691083861
2580881524326424,1-CY2AAGBBR75ZME,Grab,1-CY2AAGBBR75ZME,4.8,10,24,3,2020-06-26,6152504810121810
8203646705875855,1-CY4XJBL1DBDTGE,Grab,1-CY4XJBL1DBDTGE,0.0,1,0,0,2020-06-26,5147307570493922
2009974362506197,1-CZEALEAERJ5ZAT,Grab,1-CZEALEAERJ5ZAT,4.1,3,7,2,2020-06-26,582132141579703
9973038146815939,1-CYTDG3NVE7JVJX,Grab,1-CYTDG3NVE7JVJX,4.7,9,585,9,2020-06-26,1345647755388140
4910768826190954,MYDD09199,Grab,MYDD09199,4.0,3,310,8,2020-06-26,539102070884117
6316893273585256,MYDD08274,Grab,MYDD08274,4.6,9,107,6,2020-06-26,572264420214019
2369981037683198,1-CY6ZR6VDWETKAN,Grab,1-CY6ZR6VDWETKAN,4.5,8,112,6,2020-06-26,4415988181827229
7357518259990969,1-CYLTR6CUNAKYCT,Grab,1-CYLTR6CUNAKYCT,4.3,5,119,6,2020-06-26,6233365631171288
3010918175664669,1-CYLKTYLFLANYV2,Grab,1-CYLKTYLFLANYV2,4.3,5,1080,10,2020-06-26,4409666487632658
7225538977286396,MYDD10865,Grab,MYDD10865,4.4,7,390,8,2020-06-26,8357466272375352
1474510678795153,1-CY5TRBBHDFNTJE,Grab,1-CY5TRBBHDFNTJE,4.3,5,603,9,2020-06-26,6837137457978776
2881200880868780,MYDD09915,Grab,MYDD09915,4.1,3,1785,10,2020-06-26,8839689998752152
7603455206419576,1-CZDZCREVJFV1NJ,Grab,1-CZDZCREVJFV1NJ,4.6,9,14,2,2020-06-26,1275664833224054
2703976133794552,1-CZBADF3KGPM1RE,Grab,1-CZBADF3KGPM1RE,4.5,8,19,3,2020-06-26,537898882106039
7285412880377095,1-CYNYKACGRNK2NN,Grab,1-CYNYKACGRNK2NN,4.1,3,42,4,2020-06-26,2381352031225358
3877104068558088,1-CYVTL4EAAUCWME,Grab,1-CYVTL4EAAUCWME,4.1,3,107,6,2020-06-26,3651068323529438
3514046577439297,MYDD07369,Grab,MYDD07369,4.3,5,5082,10,2020-06-26,7048510647336400
9362307966777365,MYDD10220,Grab,MYDD10220,4.4,7,1638,10,2020-06-26,4666340803074162
5647313882938505,MYDD08952,Grab,MYDD08952,4.5,8,821,10,2020-06-26,6591205597322102
9481667944824814,1-CZDDCUTDTXMXA2,Grab,1-CZDDCUTDTXMXA2,4.5,8,205,7,2020-06-26,6880366101552073
137450970208854,1-CYUVMB3DN6B1DE,Grab,1-CYUVMB3DN6B1DE,4.2,4,1695,10,2020-06-26,8921400823065782
7411391008756980,1-CYMGEBBYKE4TDE,Grab,1-CYMGEBBYKE4TDE,4.7,9,687,9,2020-06-26,8087357835223650
1084899711551733,1-CYLKTYKGHETBNJ,Grab,1-CYLKTYKGHETBNJ,4.2,4,501,9,2020-06-26,4224029869997144
40562648837981,1-CY3UEJAHVNLDTT,Grab,1-CY3UEJAHVNLDTT,4.6,9,562,9,2020-06-26,8481421868629884
3158747075645089,1-CYLBWB4ACN2XEJ,Grab,1-CYLBWB4ACN2XEJ,4.3,5,1581,10,2020-06-26,7490389599338487
8764724148372948,1-CYUBGA4FCN5XUE,Grab,1-CYUBGA4FCN5XUE,4.2,4,1108,10,2020-06-26,8143194603565629
2970036282878422,1-CY4ZAEB1G7KWRA,Grab,1-CY4ZAEB1G7KWRA,4.6,9,356,8,2020-06-26,4358569682709338
1813579027957065,1-CZBXVX52VAAWLE,Grab,1-CZBXVX52VAAWLE,4.4,7,123,6,2020-06-26,1264499222447850
4731601981610275,MYDD10931,Grab,MYDD10931,4.1,3,889,10,2020-06-26,4815868977138382
9295468146493828,1-CZBHUEW3LRBUGN,Grab,1-CZBHUEW3LRBUGN,4.4,7,179,7,2020-06-26,5107660008248932
2603372689085296,MYDD11045,Grab,MYDD11045,4.4,7,173,7,2020-06-26,3547064326881604
2187651111162540,1-CZDXNYC1JUA3AX,Grab,1-CZDXNYC1JUA3AX,4.2,4,13,2,2020-06-26,4637713060967311
3683863169329995,1-CY3JG33ALVEGCA,Grab,1-CY3JG33ALVEGCA,4.5,8,206,7,2020-06-26,7609077374536253
8824034428819730,1-CYTCFETDTYBUGJ,Grab,1-CYTCFETDTYBUGJ,4.1,3,117,6,2020-06-26,1625961861506620
5916015078801370,1-CZDEGB2VVY21UA,Grab,1-CZDEGB2VVY21UA,4.3,5,74,5,2020-06-26,3941106545863225
4106785468703265,1-CYNBJ8LUSBLARX,Grab,1-CYNBJ8LUSBLARX,4.2,4,144,6,2020-06-26,7610123126574974
8365481738062550,1-CYWYBEL3CTUZUE,Grab,1-CYWYBEL3CTUZUE,4.5,8,61,5,2020-06-26,2666858018502630
9967824506881236,1-CY4CG3DAKEV3L2,Grab,1-CY4CG3DAKEV3L2,4.6,9,186,7,2020-06-26,894249806892489
490773144416674,1-CY3XNK22EYKYCT,Grab,1-CY3XNK22EYKYCT,4.4,7,99,6,2020-06-26,690679119891670
6067506235255702,MYDD12728,Grab,MYDD12728,4.0,3,62,5,2020-06-26,6069479583622086
1657694031137067,1-CY2AVTMUCNXZRJ,Grab,1-CY2AVTMUCNXZRJ,4.6,9,193,7,2020-06-26,546786142634150
3266554658603269,1-CYVVJGKZR8EHJA,Grab,1-CYVVJGKZR8EHJA,4.2,4,95,6,2020-06-26,3346686539838535
5320378895357709,1-CY6KVY2JAA5EEJ,Grab,1-CY6KVY2JAA5EEJ,4.7,9,146,6,2020-06-26,7953289185969193
551732967262452,1-CYWCSGJURELGCA,Grab,1-CYWCSGJURELGCA,4.5,8,125,6,2020-06-26,6409370063322528
338893037513301,1-CYLKTYLULBJVJX,Grab,1-CYLKTYLULBJVJX,3.9,2,919,10,2020-06-26,7370499830944488
196397625224526,MYDD11125,Grab,MYDD11125,4.1,3,409,8,2020-06-26,8951552083421595
6482755870616025,1-CZC3CFJWNVNCPA,Grab,1-CZC3CFJWNVNCPA,4.2,4,19,3,2020-06-26,9977366323235060
2083356046467787,1-CYUBEPE2GEMTT2,Grab,1-CYUBEPE2GEMTT2,4.3,5,91,5,2020-06-26,8455875287950824
4835891339898819,1-CZCYKGJKE3VKCJ,Grab,1-CZCYKGJKE3VKCJ,3.9,2,8,2,2020-06-26,4915069430105268
158493658503291,MYDD11737,Grab,MYDD11737,4.1,3,141,6,2020-06-26,4570360846678388
997434389964299,1-CZDZG26FLU52TX,Grab,1-CZDZG26FLU52TX,5.0,10,7,2,2020-06-26,442110031621812
2600478202957107,1-CZDKJ3KAKFBVCE,Grab,1-CZDKJ3KAKFBVCE,4.7,9,3,1,2020-06-26,7804050973976700
9350900100442853,1-CYVTVNB1V8MEV2,Grab,1-CYVTVNB1V8MEV2,4.4,7,58,5,2020-06-26,5455356841818805
1423350813633800,1-CY3JG33ANGBTCN,Grab,1-CY3JG33ANGBTCN,4.3,5,47,4,2020-06-26,2931969780918809
7035903398078180,1-CY4TEFD1J3TGJN,Grab,1-CY4TEFD1J3TGJN,3.7,2,55,4,2020-06-26,4471455078219856
1003639732137549,1-CZD1BCBHGPMGVE,Grab,1-CZD1BCBHGPMGVE,5.0,10,1,1,2020-06-26,265070749944949
9642244340406710,1-CYMVVX22C23VJN,Grab,1-CYMVVX22C23VJN,4.1,3,78,5,2020-06-26,4910399761041614
658666802507792,1-CYX2HAVFGNTKR6,Grab,1-CYX2HAVFGNTKR6,2.0,1,1,1,2020-06-26,6459467038372188
9027382763334712,MYDD12267,Grab,MYDD12267,4.1,3,260,8,2020-06-26,3007876879261268
7856270484056744,MYDD12266,Grab,MYDD12266,4.1,3,468,9,2020-06-26,7359895187917533
4299497387785829,MYDD07494,Grab,MYDD07494,4.0,3,21,3,2020-06-26,1479837158619571
1214849978601658,1-CY2HTKVFVA2HRN,Grab,1-CY2HTKVFVA2HRN,3.6,2,5,1,2020-06-26,956847849939588
927506653698073,1-CZB1HBNKEB4DAT,Grab,1-CZB1HBNKEB4DAT,4.3,5,223,7,2020-06-26,9100030005283124
4849915243382413,MYDD12534,Grab,MYDD12534,4.5,8,778,9,2020-06-26,4095466930025733
2774793608440011,1-CYWFKFTWCF2XMA,Grab,1-CYWFKFTWCF2XMA,4.4,7,596,9,2020-06-26,1681676959969088
547710252389813,1-CY2BPAMHLGECAT,Grab,1-CY2BPAMHLGECAT,4.3,5,57,5,2020-06-26,6726073813690841
6221953316705961,1-CYWKRA2AGPN2A6,Grab,1-CYWKRA2AGPN2A6,4.3,5,874,10,2020-06-26,6312238616220498
9257572428897978,1-CYVTL4D3GXXGLE,Grab,1-CYVTL4D3GXXGLE,4.3,5,169,7,2020-06-26,9039441676783188
2590077903091447,1-CYUKERAFV62YVX,Grab,1-CYUKERAFV62YVX,4.2,4,68,5,2020-06-26,4045863266283541
2068089038778576,1-CYM2CXVAG23ZAE,Grab,1-CYM2CXVAG23ZAE,4.3,5,85,5,2020-06-26,7411760822465437
2883740198765142,MYDD11459,Grab,MYDD11459,4.2,4,406,8,2020-06-26,8719196259121480
5937385027912859,1-CYUCJXMHLXCBRJ,Grab,1-CYUCJXMHLXCBRJ,4.1,3,490,9,2020-06-26,9794103780840523
9069820827892640,1-CY2WUALGGVC1TJ,Grab,1-CY2WUALGGVC1TJ,3.9,2,30,3,2020-06-26,6153876672680577
5490110712631195,1-CYVFJ4MALFXFKA,Grab,1-CYVFJ4MALFXFKA,4.1,3,23,3,2020-06-26,3323719260870019
2004776433775246,1-CY6CT4CTLY5DCN,Grab,1-CY6CT4CTLY5DCN,4.7,9,13,2,2020-06-26,38050898616066
1005960389318103,1-CY2UGABXBCAZL6,Grab,1-CY2UGABXBCAZL6,3.7,2,22,3,2020-06-26,5136591808635908
4916148132643837,1-CZAKL3J1V7XEJA,Grab,1-CZAKL3J1V7XEJA,5.0,10,1,1,2020-06-26,2533730406447149
3964131574464661,MYDD11103,Grab,MYDD11103,4.0,3,145,6,2020-06-26,6718961316378488
7081356137944472,1-CYUCJXMUVKDWVT,Grab,1-CYUCJXMUVKDWVT,3.5,1,6,2,2020-06-26,1431379399961150
4824098068865440,1-CYL3GJLCRXLCNT,Grab,1-CYL3GJLCRXLCNT,4.0,3,271,8,2020-06-26,6550860766658011
4469767250191299,1-CYWWVK4CV6WBLJ,Grab,1-CYWWVK4CV6WBLJ,4.4,7,1300,10,2020-06-26,5404922235937278
4054121067818855,1-CY2BPAMHEAWXET,Grab,1-CY2BPAMHEAWXET,4.5,8,546,9,2020-06-26,1722942138925440
3168032200743954,MYDD11379,Grab,MYDD11379,4.1,3,824,10,2020-06-26,6194004377335233
3024467756752226,1-CYVTVNB1NVLBCX,Grab,1-CYVTVNB1NVLBCX,4.5,8,193,7,2020-06-26,7410976749215769
9002329793700388,1-CZBFFBABVYWVJ6,Grab,1-CZBFFBABVYWVJ6,4.6,9,128,6,2020-06-26,7051582581122938
6634724092454074,MYDD12298,Grab,MYDD12298,4.2,4,450,9,2020-06-26,5835934360197148
4518585970748065,1-CZDVCPNFLXDEC6,Grab,1-CZDVCPNFLXDEC6,3.9,2,38,4,2020-06-26,4831226300059716
9161468711228059,MYDD10468,Grab,MYDD10468,4.2,4,321,8,2020-06-26,9856800087811399
5729491937953027,1-CYMWTXKUG4KWG2,Grab,1-CYMWTXKUG4KWG2,4.2,4,258,8,2020-06-26,5217473200300924
3437648475516819,1-CY6TRFNWGN5VJN,Grab,1-CY6TRFNWGN5VJN,4.1,3,410,8,2020-06-26,7308813156914147
6711736615616248,1-CY5HDE6TC2UHGX,Grab,1-CY5HDE6TC2UHGX,4.6,9,62,5,2020-06-26,4986402666809870
6711613334101769,1-CYUHE8KWLTXWL6,Grab,1-CYUHE8KWLTXWL6,4.1,3,172,7,2020-06-26,8388719111804721
8756619186739655,1-CZCFVJ4YJBK1AN,Grab,1-CZCFVJ4YJBK1AN,4.5,8,36,4,2020-06-26,4192110079015210
7292533006489506,1-CZD3N8CZVBE3NA,Grab,1-CZD3N8CZVBE3NA,3.7,2,6,2,2020-06-26,2445810552512492
1184960983160999,1-CYLBUGDBJZLCJX,Grab,1-CYLBUGDBJZLCJX,4.3,5,187,7,2020-06-26,2316475649106152
7377221149621194,1-CYLKTYJWBFNTJX,Grab,1-CYLKTYJWBFNTJX,4.3,5,765,9,2020-06-26,794913763571214
566981640810285,1-CZCZGFLWLEXVHA,Grab,1-CZCZGFLWLEXVHA,0.0,1,0,0,2020-06-26,8026975740649859
4046986709033937,MYDD11105,Grab,MYDD11105,3.7,2,355,8,2020-06-26,8198760360508772
341319650655716,1-CZDDEFBUUBBWFE,Grab,1-CZDDEFBUUBBWFE,4.4,7,21,3,2020-06-26,9867102516189169
5947980931613486,1-CZACTU4CCPE3JN,Grab,1-CZACTU4CCPE3JN,4.8,10,40,4,2020-06-26,8756942645032712
3211821878515148,1-CYMVVY4JJZDYPE,Grab,1-CYMVVY4JJZDYPE,4.5,8,401,8,2020-06-26,9841846049988290
6643928269824644,1-CYVZNNNBCGEUCJ,Grab,1-CYVZNNNBCGEUCJ,4.7,9,474,9,2020-06-26,2670581769506095
1463099081309258,MYDD12265,Grab,MYDD12265,4.2,4,1012,10,2020-06-26,4400663182565170
4732171173374293,1-CZBJUBAAEUBEEJ,Grab,1-CZBJUBAAEUBEEJ,4.5,8,133,6,2020-06-26,601143417674469
3494039365803674,1-CZDBLUWENYK2VJ,Grab,1-CZDBLUWENYK2VJ,5.0,10,5,1,2020-06-26,3407051378429904
6320627830464633,1-CYUBJE21J3JDGA,Grab,1-CYUBJE21J3JDGA,4.6,9,235,7,2020-06-26,6338194330005837
359255756755963,1-CZDTVVN1A2XGAT,Grab,1-CZDTVVN1A2XGAT,5.0,10,1,1,2020-06-26,5988379619071027
2460529563429559,1-CYMJTEMUFFUVHA,Grab,1-CYMJTEMUFFUVHA,4.2,4,18,3,2020-06-26,9406144990341406
7828279251565780,1-CY4CG3DAJN3HGA,Grab,1-CY4CG3DAJN3HGA,4.3,5,127,6,2020-06-26,6623828426642619
112664814495758,1-CYTWGFLEVJE1A2,Grab,1-CYTWGFLEVJE1A2,4.5,8,714,9,2020-06-26,3858982238326104
5284460384422114,1-CY6DUA3DC8LEVA,Grab,1-CY6DUA3DC8LEVA,3.4,1,16,3,2020-06-26,4542145046797220
8199681611680816,1-CY22C75VNT3FNX,Grab,1-CY22C75VNT3FNX,4.4,7,154,6,2020-06-26,4030217825824647
22189090860135,1-CYWYBEL3EJTEEX,Grab,1-CYWYBEL3EJTEEX,3.4,1,5,1,2020-06-26,3577129198058150
1574804178945332,1-CYUFSBVHLF6DR6,Grab,1-CYUFSBVHLF6DR6,4.5,8,1126,10,2020-06-26,7236817367091796
7139233975487026,1-CYWEL65VALLYME,Grab,1-CYWEL65VALLYME,4.5,8,215,7,2020-06-26,7993698160953669
9533357085371079,1-CYUFRTTXNNCJR6,Grab,1-CYUFRTTXNNCJR6,4.5,8,750,9,2020-06-26,6053010190960137
8780805111802029,1-CY2VA76FVGNKUA,Grab,1-CY2VA76FVGNKUA,4.7,9,1353,10,2020-06-26,3036217026713208
8707826860410137,1-CZDHLF5DA25DSE,Grab,1-CZDHLF5DA25DSE,4.5,8,156,7,2020-06-26,5534103104381143
3328919091398700,MYDD11837,Grab,MYDD11837,4.5,8,2291,10,2020-06-26,4502182888938944
6957450079022715,1-CYNKEYLXNU3DSA,Grab,1-CYNKEYLXNU3DSA,4.2,4,1470,10,2020-06-26,1572824638982816
2060266207179502,1-CY23EPUCJE4FEA,Grab,1-CY23EPUCJE4FEA,4.4,7,446,9,2020-06-26,9913531885377519
4567977970428661,MYDD11113,Grab,MYDD11113,4.4,7,346,8,2020-06-26,6819365119353605
7193591876160254,1-CYNTE7WCJJETWE,Grab,1-CYNTE7WCJJETWE,4.0,3,1489,10,2020-06-26,9768859264779092
9911412963897887,1-CZDVWB5ZGTLHJE,Grab,1-CZDVWB5ZGTLHJE,4.4,7,71,5,2020-06-26,8509495091025106
303818920771908,1-CYXVGXMGLRJDC2,Grab,1-CYXVGXMGLRJDC2,4.7,9,242,7,2020-06-26,4266123540827013
7556526033128607,1-CZAYTEBUJ25JC6,Grab,1-CZAYTEBUJ25JC6,4.6,9,136,6,2020-06-26,2986988047687256
7280399974854933,1-CYXCL76DCGLYJJ,Grab,1-CYXCL76DCGLYJJ,4.6,9,504,9,2020-06-26,8439633775851185
2551917014763384,1-CYVDSAUYVLNJPE,Grab,1-CYVDSAUYVLNJPE,3.9,2,18,3,2020-06-26,9321336309717191
8145911239445436,1-CY6CT4CTR3KBEE,Grab,1-CY6CT4CTR3KBEE,4.6,9,229,7,2020-06-26,88878342890673
4951277435070391,1-CZBXAFNGT6JTC2,Grab,1-CZBXAFNGT6JTC2,4.7,9,76,5,2020-06-26,1414383494640812
3976253459849574,1-CYUHE8KTKBVUPA,Grab,1-CYUHE8KTKBVUPA,4.5,8,485,9,2020-06-26,2029959260955627
8018676143508646,1-CY23AGCCBFDFGT,Grab,1-CY23AGCCBFDFGT,4.4,7,373,8,2020-06-26,6995387924060287
2913212928960221,1-CYWDPGCHVTCBUA,Grab,1-CYWDPGCHVTCBUA,4.4,7,320,8,2020-06-26,8640469225497711
2020697612249093,1-CYXVC7KTRGCFV2,Grab,1-CYXVC7KTRGCFV2,4.3,5,215,7,2020-06-26,2344373967383293
3138768681919156,1-CYWCSGJUNK6CL6,Grab,1-CYWCSGJUNK6CL6,4.2,4,380,8,2020-06-26,479720561203164
2758503850835161,1-CYUVREXVC2TXRX,Grab,1-CYUVREXVC2TXRX,4.3,5,171,7,2020-06-26,4941412357155429
7568365487151070,MYDD08801,Grab,MYDD08801,3.8,2,52,4,2020-06-26,738007426469843
6784245640182299,1-CY4CG3DAJ66HBA,Grab,1-CY4CG3DAJ66HBA,4.3,5,34,4,2020-06-26,84547976438654
8130166790473020,1-CZDEVYUHT73GV6,Grab,1-CZDEVYUHT73GV6,4.8,10,4,1,2020-06-26,2748026466802616
3927848164959408,1-CZCUE2XZEBKJVE,Grab,1-CZCUE2XZEBKJVE,4.5,8,11,2,2020-06-26,2700602870604101
1874892961820717,1-CZDHJ66JN2M1SA,Grab,1-CZDHJ66JN2M1SA,4.8,10,13,2,2020-06-26,4572853432529804
9714030095712808,1-CZEFUFKXEUVHLN,Grab,1-CZEFUFKXEUVHLN,5.0,10,2,1,2020-06-26,6393553226660103
623624899049568,MYDD10091,Grab,MYDD10091,4.2,4,2093,10,2020-06-26,6156422074940066
7610108052427194,1-CZAYAAEXGNKXEJ,Grab,1-CZAYAAEXGNKXEJ,4.6,9,347,8,2020-06-26,4135520851402561
7514482946421221,MYDD10584,Grab,MYDD10584,4.4,7,57,5,2020-06-26,845771056020654
8590112634005278,1-CYXXV72AJ8NWUE,Grab,1-CYXXV72AJ8NWUE,4.9,10,18,3,2020-06-26,9238673911731282
2209818601378832,1-CYTCFETJNJ6DME,Grab,1-CYTCFETJNJ6DME,4.7,9,51,4,2020-06-26,9305155137055094
3136552382945425,MYDD10988,Grab,MYDD10988,3.8,2,221,7,2020-06-26,7038110139824492
4970091646640099,MYDD12688,Grab,MYDD12688,4.4,7,308,8,2020-06-26,8589359856962807
8438135985126494,1-CYTDG3NXA76KCX,Grab,1-CYTDG3NXA76KCX,4.6,9,1137,10,2020-06-26,9815736217049589
1908441855514838,1-CZACTU4CENXDPA,Grab,1-CZACTU4CENXDPA,4.6,9,796,10,2020-06-26,3045034443950588
2584030638145144,1-CYXBRTDHR4BTKE,Grab,1-CYXBRTDHR4BTKE,4.1,3,344,8,2020-06-26,4416394577030073
8526605705206953,MYDD10864,Grab,MYDD10864,4.1,3,418,8,2020-06-26,497185508603214
3870296777969600,1-CYXDRJUFTETZLA,Grab,1-CYXDRJUFTETZLA,4.0,3,363,8,2020-06-26,4096020073732673
8020774598574079,MYDD11115,Grab,MYDD11115,3.5,1,135,6,2020-06-26,9065752314082985
4729623693008914,1-CZC1DGATCKCCAJ,Grab,1-CZC1DGATCKCCAJ,4.0,3,5,1,2020-06-26,9839667812746380
4538335754093450,1-CZAXC7KYV24AV2,Grab,1-CZAXC7KYV24AV2,4.0,3,10,2,2020-06-26,5457328138391894
9396022864795858,MYDD07386,Grab,MYDD07386,4.4,7,3619,10,2020-06-26,1436422428770152
6798204920202824,MYDD08015,Grab,MYDD08015,4.3,5,1355,10,2020-06-26,5421631911194817
840178606206485,MYDD07710,Grab,MYDD07710,4.1,3,1596,10,2020-06-26,7354582419903896
2289326850974874,1-CY6KTGEAAUEBRT,Grab,1-CY6KTGEAAUEBRT,3.8,2,62,5,2020-06-26,202153224562037
6122405816355568,MYDD10651,Grab,MYDD10651,4.1,3,247,7,2020-06-26,1595630611242636
8089583392702127,1-CY3YJ2JCRBUJGA,Grab,1-CY3YJ2JCRBUJGA,4.4,7,647,9,2020-06-26,4269453024159629
9063483433551146,MYDD08975,Grab,MYDD08975,4.5,8,434,9,2020-06-26,5476344204626834
797911395086182,MYDD11748,Grab,MYDD11748,4.5,8,966,10,2020-06-26,256404772887038
7034525638415120,1-CYNFTTE2TB53V2,Grab,1-CYNFTTE2TB53V2,4.5,8,888,10,2020-06-26,571866724476471
6158135654601437,1-CY4JHE2ERKX3N2,Grab,1-CY4JHE2ERKX3N2,4.2,4,183,7,2020-06-26,3848019983227623
8062001146113364,MYDD10209,Grab,MYDD10209,4.1,3,180,7,2020-06-26,305604514268633
7614622942964751,1-CZDKLUADRYKJR2,Grab,1-CZDKLUADRYKJR2,4.8,10,5,1,2020-06-26,8812417377955421
4652229801747302,1-CYLTR6EUUBMZET,Grab,1-CYLTR6EUUBMZET,4.3,5,236,7,2020-06-26,7361231850316629
774766533497686,1-CY61NKMVJECJVT,Grab,1-CY61NKMVJECJVT,4.5,8,33,4,2020-06-26,2365660037395096
2394176986270148,1-CYUANFXUNRDYV2,Grab,1-CYUANFXUNRDYV2,4.3,5,71,5,2020-06-26,6318933841098934
8945729350109412,1-CY2AVTMUGCCUJE,Grab,1-CY2AVTMUGCCUJE,4.6,9,112,6,2020-06-26,1989483506059993
9530752760755295,1-CY6ZR6VDTPLACJ,Grab,1-CY6ZR6VDTPLACJ,4.5,8,36,4,2020-06-26,8014425694519226
2275341103309682,1-CZBWAPDCCLMUAA,Grab,1-CZBWAPDCCLMUAA,4.0,3,1,1,2020-06-26,7305751936815367
4703087681312146,MYDD11463,Grab,MYDD11463,2.7,1,18,3,2020-06-26,1818432687549546
5740971505691963,1-CZCEG4CVUFM3UE,Grab,1-CZCEG4CVUFM3UE,0.0,1,0,0,2020-06-26,2449669000115668
3964122177559289,1-CY3DFEBYWBMGHE,Grab,1-CY3DFEBYWBMGHE,4.9,10,125,6,2020-06-26,9014742195217894
1618462128904900,1-CZDZCJ2CJCCGEX,Grab,1-CZDZCJ2CJCCGEX,0.0,1,0,0,2020-06-26,3040994088416516
2808125280077618,1-CY3DFEBZABTFWA,Grab,1-CY3DFEBZABTFWA,4.9,10,98,6,2020-06-26,5645854377780024
53361030358664,MYDD10446,Grab,MYDD10446,4.7,9,15,3,2020-06-26,9222510632206966
9854208953610649,1-CY2HN6EVT72HJN,Grab,1-CY2HN6EVT72HJN,2.5,1,2,1,2020-06-26,4622320236060579
794920346546466,MYDD08914,Grab,MYDD08914,4.0,3,5881,10,2020-06-26,4577424314754286
6494011866431087,MYDD08013,Grab,MYDD08013,4.2,4,1104,10,2020-06-26,2199579529248034
8942114881538740,MYDD09445,Grab,MYDD09445,4.4,7,1094,10,2020-06-26,1136111092940888
4624953791447517,1-CY2VWFK2R25TTN,Grab,1-CY2VWFK2R25TTN,4.2,4,47,4,2020-06-26,7936642360755335
834523578396728,1-CZDZG26FL3KWA2,Grab,1-CZDZG26FL3KWA2,4.0,3,8,2,2020-06-26,2972148372992167
2915909608809872,1-CZACTAXYL7U1FE,Grab,1-CZACTAXYL7U1FE,3.7,2,9,2,2020-06-26,2063034178424446
1141566084719575,MYDD07619,Grab,MYDD07619,3.8,2,48,4,2020-06-26,155075016856623
id_ext_link,id_source,source,url,rating,normalized_rating,reviews_nr,normalized_reviews,last_refresh,id_outlet_info
id_ext_link,id_source,source,url,rating,normalized_rating,reviews_nr,normalized_reviews,last_refresh,id_outlet_info